id,nombre,pais,instagram_usuario,instagram_enero_2026,tiktok_usuario,tiktok_enero_2026,instagram_actual,tiktok_actual
katteyes,Katteyes,MX,,13200000,,45300000,,
alexis-omman,Alexis Omman,MX,,12100000,,27500000,,
doris-jocelyn,Doris Jocelyn,MX,,5800000,,33800000,,
sonrixs,Sonrixs,MX,,5300000,,23600000,,
luisito-comunica,Luisito Comunica,MX,luisitocomunica,33600000,,18200000,,
domelipa,Domelipa,MX,,23100000,,76100000,,
kimberly-loaiza,Kimberly Loaiza,MX,kimberly.loaiza,37600000,,83800000,,
ricky-limon,Ricky Limón,MX,,6500000,,22900000,,
farid-dieck,Farid Dieck,MX,,10600000,,29200000,,
georgina-rodriguez,Georgina Rodríguez,ES,georginagio,71900000,,20500000,,
auronplay,AuronPlay,ES,,17000000,,2500000,,
el-rubius,El Rubius,ES,,17400000,,,,
ibai-llanos,Ibai Llanos,ES,,15000000,,27200000,,
natcher,Natcher,ES,,5400000,,11900000,,
lola-lolita,Lola Lolita,ES,,4400000,,13800000,,
anna-teres,Anna Terés,ES,,4000000,,1300000,,
dulceida,Dulceida,ES,dulceida,3500000,,972000,,
marta-diaz,Marta Díaz,ES,,3600000,,6900000,,
maria-pombo,María Pombo,ES,mariapombo,3400000,,705800,,
lionel-messi,Lionel Messi,AR,leomessi,511000000,,,,
alejo-igoa,Alejo Igoa,AR,,11200000,,6700000,,
paulo-dybala,Paulo Dybala,AR,paulodybala,56900000,,10500000,,
bizarrap,Bizarrap,AR,,19800000,,12000000,,
antonela-roccuzzo,Antonela Roccuzzo,AR,antonelaroccuzzo,39900000,,,,
ian-lucas,Ian Lucas,AR,,5700000,,16600000,,
nicki-nicole,Nicki Nicole,AR,,23200000,,16500000,,
maria-becerra,María Becerra,AR,,14800000,,13500000,,
cazzu,Cazzu,AR,cazzu,18400000,,8500000,,
augusto-gimenez,Augusto Giménez,AR,,4800000,,21000000,,
juanda,JuanDa,CO,,7100000,,28800000,,
yeferson-cossio,Yeferson Cossio,CO,,12400000,,19700000,,
luisa-fernanda-w,Luisa Fernanda W,CO,luisafernandaw,18900000,,6000000,,
andrea-valdiri,Andrea Valdiri,CO,andreavaldiri,9900000,,3800000,,
carlos-feria,Carlos Feria,CO,,7700000,,47300000,,
la-segura,La Segura,CO,lasegura,10400000,,9800000,,
